system_name,discovery_date,alternate_name,kind_acronym,discovery_acronym,reference_identifier,ra_hrs,ra_mins,ra_secs,ra_coord,dec_degrees,dec_arcmin,dec_arcsec,dec_coord,lensgrade,number_images,theta_e,theta_e_err,theta_e_quality,z_lens,z_lens_err,z_lens_quality,z_source,z_source_err,z_source_quality,vdisp,vdisp_err,filter_lens,filter_source,fluxes,mag_lens,mag_source,morphology,has_sdss,sdss_link,has_adsabs,adsabs_link,apod_link,vett_status,released_status,hidden_status,vetted,released,hidden,graphic_status,equinox,sdss_ObjID,sdss_specObjID,time_delay0,time_delay1,lens_name
SDSS J0008-0004," ""2008-08-01"""," """""," ""GAL-GAL"""," ""SLACS"""," ""ApJ682(2008)964"""," ""00"""," ""08"""," ""2.96""",2.01231," ""-00"""," ""04"""," ""8.26""",-0.06896," ""A""",3,1.16,0.02,1,0.44,0.0001,1,1.192,0.001,1,232,39," ""I"""," """"", NaN," ""18.52"""," """""," """""," ""1"""," ""ra=2.01231&amp;amp;dec=-0.06896"""," ""1"""," ""&amp;amp;object=2.01231%2D0.06896"""," """""," ""1"""," ""1"""," ""0"""," ""2012-11-27 14:03:29"""," ""2012-11-27 14:03:29"""," ""0000-00-00 00:00:00"""," ""3"""," ""J2000"""," ""1237657190906069665"""," ""753269961564121088""",0,0," ""SDSS J0008-0004"""
SDSS J0029-0055," ""2008-08-01"""," """""," ""GAL-GAL"""," ""SLACS"""," ""ApJ682(2008)964"""," ""00"""," ""29"""," ""7.78""",7.2824," ""-00"""," ""55"""," ""50.56""",-0.93071," ""A""",2,0.96,0.02,1,0.22704,5e-05,1,0.9313,0.0001,1,202,18," ""I"""," """"", NaN," ""17.05"""," """""," """""," ""1"""," ""ra=7.28240&amp;amp;dec=-0.93071"""," ""1"""," ""&amp;amp;object=7.28240%2D0.93071"""," """""," ""1"""," ""1"""," ""0"""," ""2012-11-27 14:23:13"""," ""2012-11-27 14:23:13"""," ""0000-00-00 00:00:00"""," ""3"""," ""J2000"""," ""1237657189834621096"""," ""440251082728302592""", NaN, NaN," ""SDSS J0029-0055"""
SDSS J0037-0942," ""2006-02-00"""," """""," ""GAL-GAL"""," ""SLACS"""," ""ApJ638(2006)703"""," ""00"""," ""37"""," ""53.21""",9.470501666," ""-09"""," ""42"""," ""20.12""",-9.704589999," ""A""",2,1.53,0.01,1,0.19545,3e-05,1,0.632,0.001,1,274,10," ""I"""," """"", NaN," ""16.2"""," """""," """""," ""1"""," ""ra=9.4705016657&amp;amp;dec=-9.7045899992"""," ""1"""," ""&amp;amp;object=9.4705016657%2D9.704"""," """""," ""1"""," ""1"""," ""0"""," ""2014-03-12 13:21:23"""," ""2014-03-12 13:21:23"""," ""0000-00-00 00:00:00"""," ""2"""," ""J2000"""," ""1237652947992838246"""," ""737572227393808384""", NaN, NaN," ""SDSS J0037-0942"""
SDSS J0044+0113," ""2008-08-00"""," """""," ""GAL-GAL"""," ""SLACS"""," ""ApJ682(2008)964"""," ""00"""," ""44"""," ""2.9""",11.01208," ""+01"""," ""13"""," ""12.65""",1.22018," ""A""",2,0.79,0.01,1,0.11958,3e-05,1,0.197,0.001,1,254,12," ""I"""," """"", NaN," ""15.69"""," """""," """""," ""1"""," ""ra=11.01208&amp;amp;dec=+1.22018"""," ""1"""," ""&amp;amp;object=11.01208%2B1.22018"""," """""," ""1"""," ""1"""," ""0"""," ""2014-03-12 13:21:37"""," ""2014-03-12 13:21:37"""," ""0000-00-00 00:00:00"""," ""2"""," ""J2000"""," ""1237666340797153365"""," ""442604037813069824""", NaN, NaN," ""SDSS J0044+0113"""
SDSS J0109+1500," ""2008-08-00"""," """""," ""GAL-GAL"""," ""SLACS"""," ""ApJ682(2008)964"""," ""01"""," ""09"""," ""33.73""",17.39054," ""+15"""," ""00"""," ""32.51""",15.00903," ""A""",1,0.69,0.01,1,0.29388,6e-05,1,0.525,0.001,1,243,18," ""I"""," """"", NaN," ""17.63"""," """""," """""," ""1"""," ""ra=17.39054&amp;amp;dec=+15.00903"""," ""1"""," ""&amp;amp;object=17.39054%2B15.00903"""," """""," ""1"""," ""1"""," ""0"""," ""2014-03-12 13:21:58"""," ""2014-03-12 13:21:58"""," ""0000-00-00 00:00:00"""," ""2"""," ""J2000"""," ""1237666090588635244"""," ""475269429047879680""", NaN, NaN," ""SDSS J0109+1500"""
SDSS J0157-0056," ""2008-08-00"""," """""," ""GAL-GAL"""," ""SLACS"""," ""ApJ682(2008)964"""," ""01"""," ""57"""," ""58.94""",29.49557," ""-00"""," ""56"""," ""26.09""",-0.94058," ""A""",3,0.79,0.01,1,0.92428,0.0001,1,0.924,0.001,1, NaN, NaN," ""I"""," """"", NaN," ""18.59"""," """""," """""," ""1"""," ""ra=29.49557&amp;amp;dec=-0.94058"""," ""1"""," ""&amp;amp;object=29.49557%2D0.94058"""," """""," ""1"""," ""1"""," ""0"""," ""2014-03-12 13:56:01"""," ""2014-03-12 13:56:01"""," ""0000-00-00 00:00:00"""," ""2"""," ""J2000"""," ""1237657069549453624"""," ""788135469241100288""",0,0," ""SDSS J0157-0056"""
SDSS J0216-0813," ""2006-02-00"""," """""," ""GAL-GAL"""," ""SLACS"""," ""ApJ638(2006)703"""," ""02"""," ""16"""," ""52.54""",34.21893," ""-08"""," ""13"""," ""45.37""",-8.22927," ""A""",3,1.16,0.01,1,0.33165,7e-05,1,0.523,0.001,1,332,24," ""I"""," """"", NaN," ""16.86"""," """""," """""," ""1"""," ""ra=34.21893&amp;amp;dec=-8.22927"""," ""1"""," ""&amp;amp;object=34.21893%2D8.22927"""," """""," ""1"""," ""1"""," ""0"""," ""2014-03-12 13:56:08"""," ""2014-03-12 13:56:08"""," ""0000-00-00 00:00:00"""," ""2"""," ""J2000"""," ""1237652901299814497"""," ""752218821787412480""",0,0," ""SDSS J0216-0813"""
SDSS J0252+0039," ""2008-08-00"""," """""," ""GAL-GAL"""," ""SLACS"""," ""ApJ682(2008)964"""," ""02"""," ""52"""," ""45.21""",43.18838," ""+00"""," ""39"""," ""58.36""",0.66621," ""A""",3,1.04,0.01,1,0.2803,4e-05,1,0.982,0.001,1,172,11," ""I"""," """"", NaN," ""17.87"""," """""," """""," ""1"""," ""ra=43.18838&amp;amp;dec=+0.66621"""," ""1"""," ""&amp;amp;object=43.18838%2B0.66621"""," """""," ""1"""," ""1"""," ""0"""," ""2014-03-12 13:57:42"""," ""2014-03-12 13:57:42"""," ""0000-00-00 00:00:00"""," ""2"""," ""J2000"""," ""1237657587098976446"""," ""908770038360598528""",0,0," ""SDSS J0252+0039"""
SDSS J0330-0020," ""2008-08-00"""," """""," ""GAL-GAL"""," ""SLACS"""," ""ApJ682(2008)964"""," ""03"""," ""30"""," ""12.12""",52.55052," ""-00"""," ""20"""," ""51.9""",-0.34775," ""A""",2,1.1,0.01,1,0.35071,8e-05,1,1.071,0.001,1,242,30," ""I"""," """"", NaN," ""17.99"""," """""," """""," ""1"""," ""ra=52.55052&amp;amp;dec=-0.34775"""," ""1"""," ""&amp;amp;object=52.55052%2D0.34775"""," """""," ""1"""," ""1"""," ""0"""," ""2014-03-12 13:55:42"""," ""2014-03-12 13:55:42"""," ""0000-00-00 00:00:00"""," ""2"""," ""J2000"""," ""1237660240314761417"""," ""912048238603823104""", NaN, NaN," ""SDSS J0330-0020"""
SDSS J0405-0455," ""2008-08-00"""," """""," ""GAL-GAL"""," ""SLACS"""," ""ApJ682(2008)964"""," ""04"""," ""05"""," ""35.41""",61.39756," ""-04"""," ""55"""," ""52.39""",-4.93122," ""A""",1,0.8,0.01,1,0.07527,2e-05,1,0.81,0.01,1,169,7," ""I"""," """"", NaN," ""16.22"""," """""," """""," ""1"""," ""ra=61.39756&amp;amp;dec=-4.93122"""," ""1"""," ""&amp;amp;object=61.39756%2D4.93122"""," """""," ""1"""," ""1"""," ""0"""," ""2014-03-12 13:58:32"""," ""2014-03-12 13:58:32"""," ""0000-00-00 00:00:00"""," ""2"""," ""J2000"""," ""1237649963533926655"""," ""523655089156548608""", NaN, NaN," ""SDSS J0405-0455"""
SDSS J0728+3835," ""2009-11-01"""," """""," ""GAL-GAL"""," ""SLACS"""," ""ApJ705(2009)1099"""," ""07"""," ""28"""," ""4.95""",112.02062," ""+38"""," ""35"""," ""25.76""",38.59049," ""A""",3,1.25,0.01,1,0.20576,3e-05,1,0.688,0.001,1,214,11," ""I"""," """"", NaN," ""16.62"""," """""," """""," ""1"""," ""ra=112.02062&amp;amp;dec=+38.59049"""," ""1"""," ""&amp;amp;object=112.02062%2B38.59049"""," """""," ""1"""," ""1"""," ""0"""," ""2014-03-12 13:58:49"""," ""2014-03-12 13:58:49"""," ""0000-00-00 00:00:00"""," ""2"""," ""J2000"""," """""," """"", NaN, NaN," ""SDSS J0728+3835"""
SDSS J0737+3216," ""2006-02-00"""," """""," ""GAL-GAL"""," ""SLACS"""," ""ApJ638(2006)703"""," ""07"""," ""37"""," ""28.45""",114.36855," ""+32"""," ""16"""," ""18.59""",32.27183," ""A""",3,1,0.01,1,0.32234,4e-05,1,0.581,0.001,1,301,16," ""I"""," """"", NaN," ""16.95"""," """""," """""," ""1"""," ""ra=114.36855&amp;amp;dec=+32.27183"""," ""1"""," ""&amp;amp;object=114.36855%2B32.27183"""," """""," ""1"""," ""1"""," ""0"""," ""2014-03-12 13:59:05"""," ""2014-03-12 13:59:05"""," ""0000-00-00 00:00:00"""," ""2"""," ""J2000"""," ""1237654390562488578"""," ""609151739764959232""", NaN, NaN," ""SDSS J0737+3216"""
SDSS J0808+4706," ""2008-08-00"""," """""," ""GAL-GAL"""," ""SLACS"""," ""ApJ682(2008)964"""," ""08"""," ""08"""," ""58.78""",122.24493," ""+47"""," ""06"""," ""38.84""",47.11079," ""A""",2, NaN, NaN,0,0.21946,3e-05,1,1.025,0.001,1,227,11," ""I"""," """"", NaN," ""16.74"""," """""," """""," ""1"""," ""ra=122.24493&amp;amp;dec=+47.11079"""," ""1"""," ""&amp;amp;object=122.24493%2B47.11079"""," """""," ""1"""," ""1"""," ""0"""," ""2014-03-12 14:00:34"""," ""2014-03-12 14:00:34"""," ""0000-00-00 00:00:00"""," ""2"""," ""J2000"""," ""1237651495221919930"""," ""493296748043724800""", NaN, NaN," ""SDSS J0808+4706"""
SDSS J0819+4534," ""2006-02-00"""," """""," ""GAL-GAL"""," ""SLACS"""," ""ApJ638(2006)703"""," ""08"""," ""19"""," ""31.93""",124.88305," ""+45"""," ""34"""," ""44.83""",45.57912," ""A""",2, NaN, NaN,0,0.19432,5e-05,1,0.446,0.001,1,206,14," ""I"""," """"", NaN," ""16.99"""," """""," """""," ""1"""," ""ra=124.88305&amp;amp;dec=+45.57912"""," ""1"""," ""&amp;amp;object=124.88305%2B45.57912"""," """""," ""1"""," ""1"""," ""0"""," ""2014-03-12 14:00:48"""," ""2014-03-12 14:00:48"""," ""0000-00-00 00:00:00"""," ""2"""," ""J2000"""," ""1237654392179917067"""," ""496551577071413248""", NaN, NaN," ""SDSS J0819+4534"""
SDSS J0820+4847," ""2011-04-29"""," ""SDSS J082012.86+484737.1"""," ""GAL-GAL"""," ""SWELLS, SLACS"""," ""ApJ638(2006)703"""," ""08"""," ""20"""," ""12.86""",125.05358," ""+48"""," ""47"""," ""37.07""",48.79363," ""A""",4,0.82,0.09,1,0.13091,3e-05,1,0.634,0.001,1,171,9," """""," """"", NaN," """""," """""," """""," ""1"""," ""ra=125.05358&amp;amp;dec=+48.79363"""," ""1"""," ""&amp;amp;object=125.05358%2B48.79363"""," """""," ""1"""," ""1"""," ""0"""," ""2014-02-02 14:37:43"""," ""2014-02-02 14:37:43"""," ""0000-00-00 00:00:00"""," ""2"""," ""J2000"""," ""1237651252557512938"""," ""498854504259676160""",0,0," ""SDSS J0820+4847"""
SDSS J0822+2652," ""2008-08-00"""," """""," ""GAL-GAL"""," ""SLACS"""," ""ApJ682(2008)964"""," ""08"""," ""22"""," ""42.32""",125.67633," ""+26"""," ""52"""," ""43.54""",26.87876," ""A""",2,1.17,0.01,1,0.24132,4e-05,1,0.594,0.001,1,255,15," ""I"""," """"", NaN," ""16.94"""," """""," """""," ""1"""," ""ra=125.67633&amp;amp;dec=+26.87876"""," ""1"""," ""&amp;amp;object=125.67633%2B26.87876"""," """""," ""1"""," ""1"""," ""0"""," ""2014-03-12 14:01:05"""," ""2014-03-12 14:01:05"""," ""0000-00-00 00:00:00"""," ""2"""," ""J2000"""," ""1237660957571940755"""," ""1426584775270885376""", NaN, NaN," ""SDSS J0822+2652"""
SDSS J0841+3824," ""2008-08-00"""," """""," ""GAL-GAL"""," ""SLACS, SWELLS"""," ""ApJ682(2008)964"""," ""08"""," ""41"""," ""28.8""",130.37002," ""+38"""," ""24"""," ""13.72""",38.40381," ""A""",2,1.46,0.05,1,0.11588,2e-05,1,0.657,0.001,1,220,8," ""I"""," """"", NaN," ""15.27"""," """""," """""," ""1"""," ""ra=130.37002&amp;amp;dec=+38.40381"""," ""1"""," ""&amp;amp;object=130.37002%2B38.40381"""," """""," ""1"""," ""1"""," ""0"""," ""2014-02-02 12:49:31"""," ""2014-02-02 12:49:31"""," ""0000-00-00 00:00:00"""," ""2"""," ""J2000"""," ""1237657630585585808"""," ""932248460273412096""",0,0," ""SDSS J0841+3824"""
SDSS J0903+4116," ""2008-08-00"""," """""," ""GAL-GAL"""," ""SLACS"""," ""ApJ682(2008)964"""," ""09"""," ""03"""," ""15.18""",135.81327," ""+41"""," ""16"""," ""9.16""",41.26921," ""A""",2,1.29,0.01,1,0.43032,9e-05,1,1.065,0.001,1,203,24," ""I"""," """"", NaN," ""17.91"""," """""," """""," ""1"""," ""ra=135.81327&amp;amp;dec=+41.26921"""," ""1"""," ""&amp;amp;object=135.81327%2B41.26921"""," """""," ""1"""," ""1"""," ""0"""," ""2014-03-12 14:05:51"""," ""2014-03-12 14:05:51"""," ""0000-00-00 00:00:00"""," ""2"""," ""J2000"""," ""1237657776080355811"""," ""1351189334379751424""", NaN, NaN," ""SDSS J0903+4116"""
SDSS J0912+0029," ""2006-02-00"""," """""," ""GAL-GAL"""," ""SLACS"""," ""ApJ638(2006)703"""," ""09"""," ""12"""," ""5.31""",138.02212," ""+00"""," ""29"""," ""1.18""",0.48366," ""A""",2,1.63,0.01,1,0.16419,3e-05,1,0.324,0.001,1,310,12," ""I"""," """"", NaN," ""15.52"""," """""," """""," ""1"""," ""ra=138.02212&amp;amp;dec=+0.48366"""," ""1"""," ""&amp;amp;object=138.02212%2B0.48366"""," """""," ""1"""," ""1"""," ""0"""," ""2014-03-12 14:06:07"""," ""2014-03-12 14:06:07"""," ""0000-00-00 00:00:00"""," ""2"""," ""J2000"""," ""1237650796753322325"""," ""531542711451281408""",0,0," ""SDSS J0912+0029"""
SDSS J0915+4211," ""2011-04-29"""," ""SDSS J091516.28+421152.8"""," ""GAL-GAL"""," ""SWELLS, SLACS"""," ""ApJ638(2006)703"""," ""09"""," ""15"""," ""16.28""",138.81784," ""+42"""," ""11"""," ""52.8""",42.198," ""A""",2,0.98,0.02,1,0.07846,2e-05,1,0.79,0.01,1,176,7," """""," """"", NaN," """""," """""," """""," ""1"""," ""ra=138.81784&amp;amp;dec=+42.198"""," ""1"""," ""&amp;amp;object=138.81784%2B42.198"""," """""," ""1"""," ""1"""," ""0"""," ""2014-02-02 14:14:08"""," ""2014-02-02 14:14:08"""," ""0000-00-00 00:00:00"""," ""1"""," ""J2000"""," ""1237657629515055208"""," ""1352267405631449088""",0,0," ""SDSS J0915+4211"""
SDSS J0935-0003," ""2008-08-00"""," """""," ""GAL-GAL"""," ""SLACS"""," ""ApJ682(2008)964"""," ""09"""," ""35"""," ""43.93""",143.93306," ""-00"""," ""03"""," ""34.81""",-0.05967," ""A""",1,0.87,0.01,1,0.34749,7e-05,1,0.467,0.001,1,345,41," ""I"""," """"", NaN," ""16.69"""," """""," """""," ""1"""," ""ra=143.93306&amp;amp;dec=-0.05967"""," ""1"""," ""&amp;amp;object=143.93306%2D0.05967"""," """""," ""1"""," ""1"""," ""0"""," ""2014-03-12 14:06:23"""," ""2014-03-12 14:06:23"""," ""0000-00-00 00:00:00"""," ""2"""," ""J2000"""," ""1237648721214963844"""," ""535977047869122560""", NaN, NaN," ""SDSS J0935-0003"""
SDSS J0936+0913," ""2008-08-00"""," """""," ""GAL-GAL"""," ""SLACS"""," ""ApJ682(2008)964"""," ""09"""," ""36"""," ""0.77""",144.00319," ""+09"""," ""13"""," ""35.8""",9.22661," ""A""",2,1.09,0.01,1,0.1897,3e-05,1,0.588,0.001,1,238,12," ""I"""," """"", NaN," ""16.55"""," """""," """""," ""1"""," ""ra=144.00319&amp;amp;dec=+9.22661"""," ""1"""," ""&amp;amp;object=144.00319%2B9.22661"""," """""," ""1"""," ""1"""," ""0"""," ""2014-03-12 14:06:51"""," ""2014-03-12 14:06:51"""," ""0000-00-00 00:00:00"""," ""2"""," ""J2000"""," ""1237660669813129348"""," ""1467069070263216128""", NaN, NaN," ""SDSS J0936+0913"""
SDSS J0946+1006," ""2011-11-01"""," ""The Jackpot Lens"""," ""GAL-GAL"""," ""SLACS"""," ""ApJ682(2008)964"""," ""09"""," ""46"""," ""56.68""",146.73617," ""+10"""," ""06"""," ""52.81""",10.11467," ""A""",4,1.38,0.01,1,0.22193,6e-05,1,0.609,0.001,1,257,20," ""I"""," """"", NaN," ""17.04"""," """""," """""," ""1"""," ""ra=146.73617&amp;amp;dec=+10.11467"""," ""1"""," ""&amp;amp;object=146.73617%2B10.11467"""," """""," ""1"""," ""1"""," ""0"""," ""2014-03-12 14:07:24"""," ""2014-03-12 14:07:24"""," ""0000-00-00 00:00:00"""," ""3"""," ""J2000"""," ""1237661065488761132"""," ""1469437688271628288""", NaN, NaN," ""SDSS J0946+1006"""
SDSS J0955+0101," ""2008-08-00"""," """""," ""GAL-GAL"""," ""SLACS, SWELLS"""," ""ApJ682(2008)964"""," ""09"""," ""55"""," ""19.72""",148.83217," ""+01"""," ""01"""," ""44.44""",1.02901," ""A""",2,1.04,0.06,1,0.11093,3e-05,1,0.316,0.001,1,197,13," ""I"""," """"", NaN," ""16.92"""," """""," """""," ""1"""," ""ra=148.83217&amp;amp;dec=+1.02901"""," ""1"""," ""&amp;amp;object=148.83217%2B1.02901"""," """""," ""1"""," ""1"""," ""0"""," ""2014-02-02 15:26:03"""," ""2014-02-02 15:26:03"""," ""0000-00-00 00:00:00"""," ""2"""," ""J2000"""," ""1237653663647727743"""," ""301833561407776768""",0,0," ""SDSS J0955+0101"""
SDSS J0956+5100," ""2006-02-00"""," """""," ""GAL-GAL"""," ""SLACS"""," ""ApJ638(2006)703"""," ""09"""," ""56"""," ""29.77""",149.12406," ""+51"""," ""00"""," ""6.7""",51.00186," ""A""",3,1.33,0.01,1,0.24055,5e-05,1,0.47,0.01,1,297,16," ""I"""," """"", NaN," ""16.66"""," """""," """""," ""1"""," ""ra=149.12406&amp;amp;dec=+51.00186"""," ""1"""," ""&amp;amp;object=149.12406%2B51.00186"""," """""," ""1"""," ""1"""," ""0"""," ""2014-03-12 14:09:49"""," ""2014-03-12 14:09:49"""," ""0000-00-00 00:00:00"""," ""2"""," ""J2000"""," ""1237657632727302311"""," ""1015580448086059008""", NaN, NaN," ""SDSS J0956+5100"""
SDSS J0959+4416," ""2008-08-00"""," """""," ""GAL-GAL"""," ""SLACS"""," ""ApJ682(2008)964"""," ""09"""," ""59"""," ""0.97""",149.75403," ""+44"""," ""16"""," ""39.36""",44.2776," ""A""",2,0.96,0.01,1,0.23687,5e-05,1,0.531,0.001,1,238,20," ""I"""," """"", NaN," ""16.88"""," """""," """""," ""1"""," ""ra=149.75403&amp;amp;dec=+44.2776"""," ""1"""," ""&amp;amp;object=149.75403%2B44.2776"""," """""," ""1"""," ""1"""," ""0"""," ""2014-03-12 14:10:03"""," ""2014-03-12 14:10:03"""," ""0000-00-00 00:00:00"""," ""2"""," ""J2000"""," ""1237657874332385424"""," ""1060734921670158336""", NaN, NaN," ""SDSS J0959+4416"""
SDSS J0959+0410," ""2006-02-00"""," ""Grand Design Source."""," ""GAL-GAL"""," ""SLACS"""," ""ApJ638(2006)703"""," ""09"""," ""59"""," ""44.07""",149.93361," ""+04"""," ""10"""," ""17""",4.17139," ""A""",2,0.99,0.01,1,0.12598,3e-05,1,0.535,0.001,1,203,12," ""I"""," """"", NaN," ""16.87"""," """""," """""," ""1"""," ""ra=149.93361&amp;amp;dec=+4.17139"""," ""1"""," ""&amp;amp;object=149.93361%2B4.17139"""," """""," ""1"""," ""1"""," ""0"""," ""2014-03-12 14:10:17"""," ""2014-03-12 14:10:17"""," ""0000-00-00 00:00:00"""," ""2"""," ""J2000"""," ""1237654601563373760"""," ""644150849680992256""", NaN, NaN," ""SDSS J0959+0410"""
SDSS J1016+3859," ""2008-08-00"""," """""," ""GAL-GAL"""," ""SLACS"""," ""ApJ682(2008)964"""," ""10"""," ""16"""," ""22.87""",154.0988911," ""+38"""," ""59"""," ""3.3""",38.97774999," ""A""",2,1.09,0.01,1,0.16795,3e-05,1,0.439,0.001,1,251,13," ""I"""," """"", NaN," ""16.67"""," """""," """""," ""1"""," ""ra=154.098891114&amp;amp;dec=38.9777499948"""," ""1"""," ""&amp;amp;object=154.098891114%2B38.9"""," """""," ""1"""," ""1"""," ""0"""," ""2014-03-12 14:12:07"""," ""2014-03-12 14:12:07"""," ""0000-00-00 00:00:00"""," ""2"""," ""J2000"""," ""1237661139033981049"""," ""1606785936044091392""", NaN, NaN," ""SDSS J1016+3859"""
SDSS J1020+1122," ""2008-08-00"""," """""," ""GAL-GAL"""," ""SLACS"""," ""ApJ682(2008)964"""," ""10"""," ""20"""," ""26.54""",155.11059," ""+11"""," ""22"""," ""41.16""",11.3781," ""A""",2,1.2,0.01,1,0.28219,5e-05,1,0.553,0.001,1,274,19," ""I"""," """"", NaN," ""17.15"""," """""," """""," ""1"""," ""ra=155.11059&amp;amp;dec=+11.3781"""," ""1"""," ""&amp;amp;object=155.11059%2B11.3781"""," """""," ""1"""," ""1"""," ""0"""," ""2014-03-12 14:12:26"""," ""2014-03-12 14:12:26"""," ""0000-00-00 00:00:00"""," ""2"""," ""J2000"""," ""1237660670891720746"""," ""1799285133920987136""", NaN, NaN," ""SDSS J1020+1122"""
SDSS J1023+4230," ""2008-08-00"""," """""," ""GAL-GAL"""," ""SLACS"""," ""ApJ682(2008)964"""," ""10"""," ""23"""," ""32.25""",155.88436," ""+42"""," ""30"""," ""1.91""",42.50053," ""A""",4,1.41,0.01,1,0.19114,4e-05,1,0.696,0.001,1,255,14," ""I"""," """"", NaN," ""16.74"""," """""," """""," ""1"""," ""ra=155.88436&amp;amp;dec=+42.50053"""," ""1"""," ""&amp;amp;object=155.88436%2B42.50053"""," """""," ""1"""," ""1"""," ""0"""," ""2014-03-12 14:12:32"""," ""2014-03-12 14:12:32"""," ""0000-00-00 00:00:00"""," ""2"""," ""J2000"""," ""1237661355924586681"""," ""1530212922729457664""", NaN, NaN," ""SDSS J1023+4230"""
SDSS J1029+0420," ""2008-08-00"""," """""," ""GAL-GAL"""," ""SLACS, SWELLS"""," ""ApJ682(2008)964"""," ""10"""," ""29"""," ""22.94""",157.34558," ""+04"""," ""20"""," ""1.8""",4.33384," ""A""",2,1.05,0.03,1,0.10444,2e-05,1,0.615,0.001,1,208,9," ""I"""," """"", NaN," ""16.06"""," """""," """""," ""1"""," ""ra=157.34558&amp;amp;dec=+4.33384"""," ""1"""," ""&amp;amp;object=157.34558%2B4.33384"""," """""," ""1"""," ""1"""," ""0"""," ""2012-09-27 09:57:05"""," ""2012-09-27 09:57:05"""," ""0000-00-00 00:00:00"""," ""2"""," ""J2000"""," ""1237654605324550300"""," ""648637407482112000""", NaN, NaN," ""SDSS J1029+0420"""
SDSS J1029+6115," ""2008-08-00"""," """""," ""GAL-GAL"""," ""SLACS"""," ""ApJ682(2008)964"""," ""10"""," ""29"""," ""27.53""",157.36471," ""+61"""," ""15"""," ""5.3""",61.25146," ""A""",2, NaN, NaN,0,0.15736,3e-05,1,0.2512,0.0001,1,228,14," ""I"""," """"", NaN," ""16.04"""," """""," """""," ""1"""," ""ra=157.36471&amp;amp;dec=+61.25146"""," ""1"""," ""&amp;amp;object=157.36471%2B61.25146"""," """""," ""1"""," ""1"""," ""0"""," ""2012-09-27 10:12:01"""," ""2012-09-27 10:12:01"""," ""0000-00-00 00:00:00"""," ""2"""," ""J2000"""," ""1237651249882726495"""," ""869233250835392512""",0,0," ""SDSS J1029+6115"""
SDSS J1032+5322," ""2008-08-00"""," """""," ""GAL-GAL"""," ""SLACS, SWELLS"""," ""ApJ682(2008)964"""," ""10"""," ""32"""," ""35.84""",158.14937," ""+53"""," ""22"""," ""34.9""",53.37634," ""A""",2,1.06,0.03,1,0.1334,4e-05,1,0.329,0.001,1,293,15," ""I"""," """"", NaN," ""17.01"""," """""," """""," ""1"""," ""ra=158.14937&amp;amp;dec=+53.37634"""," ""1"""," ""&amp;amp;object=158.14937%2B53.37634"""," """""," ""1"""," ""1"""," ""0"""," ""2012-09-27 10:20:24"""," ""2012-09-27 10:20:24"""," ""0000-00-00 00:00:00"""," ""2"""," ""J2000"""," ""1237657610723655845"""," ""1018966947825477632""", NaN, NaN," ""SDSS J1032+5322"""
SDSS J1037+3517," ""2011-04-29"""," ""SDSS J103745.03+351731.0"""," ""GAL-GAL"""," ""SWELLS, SLACS"""," ""ApJ638(2006)703"""," ""10"""," ""37"""," ""45.03""",159.43762," ""+35"""," ""17"""," ""30.98""",35.29194," ""A""",2, NaN, NaN,0,0.12171,3e-05,1,0.448,0.001,1,220,12," """""," """"", NaN," """""," """""," """""," ""1"""," ""ra=159.43762&amp;amp;dec=+35.29194"""," ""1"""," ""&amp;amp;object=159.43762%2B35.29194"""," """""," ""1"""," ""1"""," ""0"""," ""2014-02-05 15:22:41"""," ""2014-02-05 15:22:41"""," ""0000-00-00 00:00:00"""," ""2"""," ""J2000"""," ""1237664338783699035"""," ""2359918423271565312""", NaN, NaN," ""SDSS J1037+3517"""
SDSS J1100+5329," ""2008-08-00"""," """""," ""GAL-GAL"""," ""SLACS"""," ""ApJ682(2008)964"""," ""11"""," ""00"""," ""24.39""",165.10161," ""+53"""," ""29"""," ""13.9""",53.48719," ""A""",2,1.52,0.01,1,0.31712,7e-05,1,0.858,0.001,1,187,23," ""I"""," """"", NaN," ""17.15"""," """""," """""," ""1"""," ""ra=165.10161&amp;amp;dec=+53.48719"""," ""1"""," ""&amp;amp;object=165.10161%2B53.48719"""," """""," ""1"""," ""1"""," ""0"""," ""2012-09-27 10:39:14"""," ""2012-09-27 10:39:14"""," ""0000-00-00 00:00:00"""," ""2"""," ""J2000"""," ""1237658802032869505"""," ""1138332953944811520""",0,0," ""SDSS J1100+5329"""
SDSS J1103+5322," ""2008-08-00"""," """""," ""GAL-GAL"""," ""SLACS, SWELLS"""," ""ApJ682(2008)964"""," ""11"""," ""03"""," ""8.21""",165.78421," ""+53"""," ""22"""," ""28.2""",53.3745," ""A""",4,1.08,0.03,1,0.15824,3e-05,1,0.735,0.001,1,199,12," ""I"""," """"", NaN," ""16.41"""," """""," """""," ""1"""," ""ra=165.78421&amp;amp;dec=+53.3745"""," ""1"""," ""&amp;amp;object=165.78421%2B53.3745"""," """""," ""1"""," ""1"""," ""0"""," ""2012-09-27 10:42:48"""," ""2012-09-27 10:42:48"""," ""0000-00-00 00:00:00"""," ""1"""," ""J2000"""," ""1237657590318432374"""," ""1138327731264579584""",0,0," ""SDSS J1103+5322"""
SDSS J1106+5228," ""2008-08-00"""," """""," ""GAL-GAL"""," ""SLACS"""," ""ApJ682(2008)964"""," ""11"""," ""06"""," ""46.15""",166.69229," ""+52"""," ""28"""," ""37.8""",52.47718," ""A""",1,1.23,0.01,1,0.09551,2e-05,1,0.407,0.001,1,262,9," ""I"""," """"", NaN," ""15.5"""," """""," """""," ""1"""," ""ra=166.69229&amp;amp;dec=+52.47718"""," ""1"""," ""&amp;amp;object=166.69229%2B52.47718"""," """""," ""1"""," ""1"""," ""0"""," ""2012-09-27 10:46:25"""," ""2012-09-27 10:46:25"""," ""0000-00-00 00:00:00"""," ""2"""," ""J2000"""," ""1237658800422518913"""," ""1138286774456444928""", NaN, NaN," ""SDSS J1106+5228"""
SDSS J1112+0826," ""2008-08-00"""," """""," ""GAL-GAL"""," ""SLACS"""," ""ApJ682(2008)964"""," ""11"""," ""12"""," ""50.6""",168.21084," ""+08"""," ""26"""," ""10.4""",8.43623," ""A""",2,1.49,0.01,1,0.27289,7e-05,1,0.629,0.001,1,320,20," ""I"""," """"", NaN," ""17.16"""," """""," """""," ""1"""," ""ra=168.21084&amp;amp;dec=+8.43623"""," ""1"""," ""&amp;amp;object=168.21084%2B8.43623"""," """""," ""1"""," ""1"""," ""0"""," ""2012-09-28 03:48:14"""," ""2012-09-28 03:48:14"""," ""0000-00-00 00:00:00"""," ""2"""," ""J2000"""," ""1237658425168036010"""," ""1374731528990386176""", NaN, NaN," ""SDSS J1112+0826"""
SDSS J1117+4704," ""2011-04-29"""," ""SDSS J111735.37+47047.4"""," ""GAL-GAL"""," ""SWELLS, SLACS"""," ""ApJ638(2006)703"""," ""11"""," ""17"""," ""35.37""",169.39739," ""+47"""," ""04"""," ""7.43""",47.06873," ""A""",4,0.77,0.02,1,0.16888,3e-05,1,0.405,0.001,1,188,10," """""," """"", NaN," """""," """""," """""," ""1"""," ""ra=169.39739&amp;amp;dec=+47.06873"""," ""1"""," ""&amp;amp;object=169.39739%2B47.06873"""," """""," ""1"""," ""1"""," ""0"""," ""2014-02-02 15:06:54"""," ""2014-02-02 15:06:54"""," ""0000-00-00 00:00:00"""," ""2"""," ""J2000"""," ""1237661358076657813"""," ""1622529019868112896""", NaN, NaN," ""SDSS J1117+4704"""
SDSS J1134+6027," ""2008-08-00"""," """""," ""GAL-GAL"""," ""SLACS"""," ""ApJ682(2008)964"""," ""11"""," ""34"""," ""5.89""",173.52456," ""+60"""," ""27"""," ""13.5""",60.45375," ""A""",2,1.1,0.01,1,0.1528,3e-05,1,0.474,0.001,1,239,11," ""I"""," """"", NaN," ""16.41"""," """""," """""," ""1"""," ""ra=173.52456&amp;amp;dec=+60.45375"""," ""1"""," ""&amp;amp;object=173.52456%2B60.45375"""," """""," ""1"""," ""1"""," ""0"""," ""2012-09-28 03:52:12"""," ""2012-09-28 03:52:12"""," ""0000-00-00 00:00:00"""," ""2"""," ""J2000"""," ""1237655109449220224"""," ""1072000787753756672""", NaN, NaN," ""SDSS J1134+6027"""
SDSS J1135+3720," ""2011-04-29"""," ""SDSS J11356.88+372023.9"""," ""GAL-GAL"""," ""SWELLS, SLACS"""," ""ApJ638(2006)703"""," ""11"""," ""35"""," ""6.88""",173.77867," ""+37"""," ""20"""," ""23.89""",37.33997," ""A""",2,0.71,0.07,1,0.16242,4e-05,1,0.402,0.001,1,213,15," """""," """"", NaN," """""," """""," """""," ""1"""," ""ra=173.77867&amp;amp;dec=37.33997"""," ""1"""," ""&amp;amp;object=173.77867%2B37.33997"""," """""," ""1"""," ""1"""," ""0"""," ""2014-02-02 15:08:04"""," ""2014-02-02 15:08:04"""," ""0000-00-00 00:00:00"""," ""1"""," ""J2000"""," ""1237664819284279443"""," ""2292360030814496768""", NaN, NaN," ""SDSS J1135+3720"""
SDSS J1142+1001," ""2008-08-00"""," """""," ""GAL-GAL"""," ""SLACS"""," ""ApJ682(2008)964"""," ""11"""," ""42"""," ""57.35""",175.73893," ""+10"""," ""01"""," ""11.8""",10.01996," ""A""",2,0.98,0.01,1,0.22187,6e-05,1,0.504,0.001,1,221,22," ""I"""," """"", NaN," ""16.99"""," """""," """""," ""1"""," ""ra=175.73893&amp;amp;dec=+10.01996"""," ""1"""," ""&amp;amp;object=175.73893%2B10.01996"""," """""," ""1"""," ""1"""," ""0"""," ""2012-09-28 03:56:08"""," ""2012-09-28 03:56:08"""," ""0000-00-00 00:00:00"""," ""2"""," ""J2000"""," ""1237658492814360790"""," ""1380437444297517056""", NaN, NaN," ""SDSS J1142+1001"""
SDSS J1143-0144," ""2008-08-00"""," """""," ""GAL-GAL"""," ""SLACS"""," ""ApJ682(2008)964"""," ""11"""," ""43"""," ""29.64""",175.87349," ""-01"""," ""44"""," ""30.0""",-1.74166," ""A""",2,1.68,0.01,1,0.10605,1e-05,1,0.402,0.001,1,269,5," ""I"""," """"", NaN," ""14.92"""," """""," """""," ""1"""," ""ra=175.87349&amp;amp;dec=-1.74166"""," ""1"""," ""&amp;amp;object=175.87349%2D1.74166"""," """""," ""1"""," ""1"""," ""0"""," ""2012-09-28 04:03:31"""," ""2012-09-28 04:03:31"""," ""0000-00-00 00:00:00"""," ""2"""," ""J2000"""," ""1237671128051220497"""," ""369442267410229248""", NaN, NaN," ""SDSS J1143-0144"""
SDSS J1153+4612," ""2008-08-00"""," """""," ""GAL-GAL"""," ""SLACS"""," ""ApJ682(2008)964"""," ""11"""," ""53"""," ""10.79""",178.29494," ""+46"""," ""12"""," ""5.3""",46.20147," ""A""",2,1.05,0.01,1,0.17969,4e-05,1,0.875,0.001,1,226,15," ""I"""," """"", NaN," ""17.15"""," """""," """""," ""1"""," ""ra=178.29494&amp;amp;dec=+46.20147"""," ""1"""," ""&amp;amp;object=178.29494%2B46.20147"""," """""," ""1"""," ""1"""," ""0"""," ""2012-09-28 13:48:31"""," ""2012-09-28 13:48:31"""," ""0000-00-00 00:00:00"""," ""2"""," ""J2000"""," ""1237661355931730052"""," ""1628109316206651392""", NaN, NaN," ""SDSS J1153+4612"""
SDSS J1203+2535," ""2011-04-29"""," ""SDSS J120356.33+253549.1"""," ""GAL-GAL"""," ""SWELLS, SLACS"""," ""ApJ638(2006)703"""," ""12"""," ""03"""," ""56.33""",180.98472," ""+25"""," ""35"""," ""49.13""",25.59698," ""A""",4,0.87,0.06,1,0.10112,2e-05,1,0.856,0.001,1,156,7," """""," """"", NaN," """""," """""," """""," ""1"""," ""ra=180.98472&amp;amp;dec=+25.59698"""," ""1"""," ""&amp;amp;object=180.98472%2B25.59698"""," """""," ""1"""," ""1"""," ""0"""," ""2014-02-02 15:10:31"""," ""2014-02-02 15:10:31"""," ""0000-00-00 00:00:00"""," ""2"""," ""J2000"""," ""1237667448338907192"""," ""2989414131322349568""", NaN, NaN," ""SDSS J1203+2535"""
SDSS J1204+0358," ""2008-08-00"""," """""," ""GAL-GAL"""," ""SLACS"""," ""ApJ682(2008)964"""," ""12"""," ""04"""," ""44.07""",181.18363," ""+03"""," ""58"""," ""6.4""",3.96845," ""A""",2,1.31,0.01,1,0.16437,4e-05,1,0.631,0.001,1,267,17," ""I"""," """"", NaN," ""16.8"""," """""," """""," ""1"""," ""ra=181.18363&amp;amp;dec=+3.96845"""," ""1"""," ""&amp;amp;object=181.18363%2B3.96845"""," """""," ""1"""," ""1"""," ""0"""," ""2012-09-28 13:51:25"""," ""2012-09-28 13:51:25"""," ""0000-00-00 00:00:00"""," ""2"""," ""J2000"""," ""1237654604261228656"""," ""948064936028825600""", NaN, NaN," ""SDSS J1204+0358"""
SDSS J1205+4910," ""2006-02-01"""," """""," ""GAL-GAL"""," ""SLACS"""," ""ApJ638(2006)703"""," ""12"""," ""05"""," ""40.44""",181.41848," ""+49"""," ""10"""," ""29.38""",49.174828," ""A""",2,1.2234,0.0005,1,0.21498,5e-05,1,0.481,0.001,1,296,14," ""I"""," """"", NaN," ""16.52"""," """""," """""," ""1"""," ""ra=181.41848&amp;amp;dec=+49.174828"""," ""1"""," ""&amp;amp;object=181.41848%2B49.17482"""," """""," ""1"""," ""0"""," ""0"""," ""2013-04-23 14:56:11"""," ""2013-04-24 11:18:42"""," ""0000-00-00 00:00:00"""," ""2"""," ""J2000"""," ""1237658611984433262"""," ""1091033884340021248""", NaN, NaN," ""SDSS J1205+4910"""
SDSS J1213+6708," ""2008-08-01"""," """""," ""GAL-GAL"""," ""SLACS"""," ""ApJ682(2008)964"""," ""12"""," ""13"""," ""40.6""",183.41915," ""+67"""," ""08"""," ""28.93""",67.14137," ""A""",2,1.416,0.005,1,0.12285,2e-05,1,0.6402,0.0001,1,278,10," ""I"""," """"", NaN," ""15.57"""," """""," """""," ""1"""," ""ra=183.41915&amp;amp;dec=+67.14137"""," ""1"""," ""&amp;amp;object=183.41915%2B67.14137"""," """""," ""1"""," ""1"""," ""0"""," ""2013-04-23 20:44:04"""," ""2013-04-23 20:44:04"""," ""0000-00-00 00:00:00"""," ""0"""," ""J2000"""," ""1237658609296343089"""," ""555108544202958848""", NaN, NaN," ""SDSS J1213+6708"""
SDSS J1218+0830," ""2008-08-01"""," """""," ""GAL-GAL"""," ""SLACS"""," ""ApJ682(2008)964"""," ""12"""," ""18"""," ""26.69""",184.61121," ""+08"""," ""30"""," ""50.33""",8.51398," ""A""",2,1.452,0.003,1,0.13502,2e-05,1,0.717,0.001,1,222,10," ""I"""," """"", NaN," ""15.71"""," """""," """""," ""1"""," ""ra=184.61121&amp;amp;dec=+8.51398"""," ""1"""," ""&amp;amp;object=184.61121%2B8.51398"""," """""," ""1"""," ""1"""," ""0"""," ""2013-04-23 20:51:00"""," ""2013-04-23 20:51:00"""," ""0000-00-00 00:00:00"""," ""2"""," ""J2000"""," ""1237661972796014740"""," ""1829701475631130624""",0,0," ""SDSS J1218+0830"""
SDSS J1250+0523," ""2006-02-01"""," """""," ""GAL-GAL"""," ""SLACS"""," ""ApJ638(2006)703"""," ""12"""," ""50"""," ""28.25""",192.61772," ""+05"""," ""23"""," ""49.13""",5.39698," ""A""",8,1.1299,0.0007,1,0.23176,4e-05,1,0.795,0.001,1,246,15," ""I"""," """"", NaN," ""16.64"""," """""," """""," ""1"""," ""ra=192.61772&amp;amp;dec=+5.39698"""," ""1"""," ""&amp;amp;object=192.61772%2B5.39698"""," """""," ""1"""," ""1"""," ""0"""," ""2013-04-23 21:05:49"""," ""2013-04-23 21:05:49"""," ""0000-00-00 00:00:00"""," ""2"""," ""J2000"""," ""1237671762641485915"""," ""953788169768167424""",0,0," ""SDSS J1250+0523"""
SDSS J1251-0208," ""2006-02-01"""," """""," ""GAL-GAL"""," ""SLACS, SWELLS"""," ""ApJ638(2006)703"""," ""12"""," ""51"""," ""35.7""",192.89877," ""-02"""," ""08"""," ""5.17""",-2.13477," ""A""",2,0.82,0.03,1,0.22432,5e-05,1,0.784,0.001,1,212,23," ""I"""," """"", NaN," ""17.21"""," """""," """""," ""1"""," ""ra=192.89877&amp;amp;dec=-2.13477"""," ""1"""," ""&amp;amp;object=192.89877%2D2.13477"""," """""," ""1"""," ""1"""," ""0"""," ""2013-04-25 11:54:51"""," ""2013-04-25 11:54:51"""," ""0000-00-00 00:00:00"""," ""2"""," ""J2000"""," ""1237650371024453850"""," ""379560243505424384""", NaN, NaN," ""SDSS J1251-0208"""
SDSS J1306+0600," ""2009-11-01"""," """""," ""GAL-GAL"""," ""SLACS"""," ""ApJ705(2009)1099"""," ""13"""," ""06"""," ""13.66""",196.5569," ""+06"""," ""00"""," ""22.14""",6.00615," ""A""",2, NaN, NaN,0,0.17297,4e-05,1,0.472,0.001,1,257,17," ""I"""," """"", NaN," ""17.39"""," """""," """""," ""1"""," ""ra=196.55690&amp;amp;dec=+6.00615"""," ""1"""," ""&amp;amp;object=196.55690%2B6.00615"""," """""," ""1"""," ""1"""," ""0"""," ""2013-04-25 15:16:46"""," ""2013-04-25 15:16:46"""," ""0000-00-00 00:00:00"""," ""2"""," ""J2000"""," ""1237654881802715257"""," ""956058111741814784""",0,0," ""SDSS J1306+0600"""
SDSS J1313+4615," ""2009-11-01"""," """""," ""GAL-GAL"""," ""SLACS"""," ""ApJ705(2009)1099"""," ""13"""," ""13"""," ""2.92""",198.26216," ""+46"""," ""15"""," ""13.61""",46.25378," ""A""",2, NaN, NaN,0,0.18479,4e-05,1,0.514,0.001,1,255,15," ""I"""," """"", NaN," ""16.63"""," """""," """""," ""1"""," ""ra=198.26216&amp;amp;dec=+46.25378"""," ""1"""," ""&amp;amp;object=198.26216%2B46.25378"""," """""," ""1"""," ""1"""," ""0"""," ""2013-04-25 15:47:15"""," ""2013-04-25 15:47:15"""," ""0000-00-00 00:00:00"""," ""2"""," ""J2000"""," ""1237661433775521891"""," ""1642690490279159808""",0,0," ""SDSS J1313+4615"""
SDSS J1318-0313," ""2009-11-01"""," """""," ""GAL-GAL"""," ""SLACS"""," ""ApJ705(2009)1099"""," ""13"""," ""18"""," ""39.33""",199.66386," ""-03"""," ""13"""," ""34.25""",-3.22618," ""A""",2, NaN, NaN,0,0.23965,5e-05,1,1.3,0.001,1,242,17," ""I"""," """"", NaN," ""16.8"""," """""," """""," ""1"""," ""ra=199.66386&amp;amp;dec=-3.22618"""," ""1"""," ""&amp;amp;object=199.66386%2D3.22618"""," """""," ""1"""," ""1"""," ""0"""," ""2013-04-25 16:33:36"""," ""2013-04-25 16:33:36"""," ""0000-00-00 00:00:00"""," ""2"""," ""J2000"""," ""1237650760788541667"""," ""384002815086848000""",0,0," ""SDSS J1318-0313"""
SDSS J1319+1504," ""2009-11-01"""," """""," ""GAL-GAL"""," ""SLACS"""," ""ApJ705(2009)1099"""," ""13"""," ""19"""," ""32.49""",199.88538," ""+15"""," ""04"""," ""26.04""",15.0739," ""A""",2, NaN, NaN,0,0.15369,4e-05,1,0.606,0.001,1,240,15," ""I"""," """"", NaN," ""17.23"""," """""," """""," ""1"""," ""ra=199.88538&amp;amp;dec=+15.0739"""," ""1"""," ""&amp;amp;object=199.88538%2B15.0739"""," """""," ""1"""," ""1"""," ""0"""," ""2013-04-25 16:35:22"""," ""2013-04-25 16:35:22"""," ""0000-00-00 00:00:00"""," ""2"""," ""J2000"""," ""1237662526309007546"""," ""1996358575751981056""", NaN, NaN," ""SDSS J1319+1504"""
SDSS J1331+3638," ""2011-04-29"""," ""SDSS J133140.33+363812.0"""," ""GAL-GAL"""," ""SWELLS, SLACS"""," ""ApJ638(2006)703"""," ""13"""," ""31"""," ""40.33""",202.91804," ""+36"""," ""28"""," ""11.96""",36.46999," ""A""",4,0.96,0.04,1,0.11333,2e-05,1,0.254,0.001,1,183,8," """""," """"", NaN," """""," """""," """""," ""1"""," ""ra=202.91804&amp;amp;dec=+36.46999"""," ""1"""," ""&amp;amp;object=202.91804%2B36.46999"""," """""," ""1"""," ""1"""," ""0"""," ""2014-02-02 15:16:37"""," ""2014-02-02 15:16:37"""," ""0000-00-00 00:00:00"""," ""2"""," ""J2000"""," ""1237664853639495946"""," ""2366642222977280000""", NaN, NaN," ""SDSS J1331+3638"""
SDSS J1402+6321," ""2006-02-01"""," """""," ""GAL-GAL"""," ""SLACS"""," ""ApJ638(2006)703"""," ""14"""," ""02"""," ""28.22""",210.61757," ""+63"""," ""21"""," ""33.48""",63.3593," ""A""",2,1.3468,0.0017,1,0.20456,4e-05,1,0.481,0.001,1,268,15," ""I"""," """"", NaN," ""16.3"""," """""," """""," ""1"""," ""ra=210.61757&amp;amp;dec=+63.3593"""," ""1"""," ""&amp;amp;object=210.61757%2B63.3593"""," """""," ""1"""," ""1"""," ""0"""," ""2013-04-23 21:46:16"""," ""2013-04-23 21:46:16"""," ""0000-00-00 00:00:00"""," ""2"""," ""J2000"""," ""1237651252040761551"""," ""681307746703796224""", NaN, NaN," ""SDSS J1402+6321"""
SDSS J1403+0006," ""2008-08-01"""," """""," ""GAL-GAL"""," ""SLACS"""," ""ApJ682(2008)964"""," ""14"""," ""03"""," ""29.49""",210.87287," ""+00"""," ""06"""," ""41.36""",0.11149," ""A""",6,0.83,0.004,1,0.18878,5e-05,1,0.473,0.001,1,205,16," ""I"""," """"", NaN," ""17.02"""," """""," """""," ""1"""," ""ra=210.87287&amp;amp;dec=+0.11149"""," ""1"""," ""&amp;amp;object=210.87287%2B0.11149"""," """""," ""1"""," ""1"""," ""0"""," ""2013-04-23 21:58:44"""," ""2013-04-23 21:58:44"""," ""0000-00-00 00:00:00"""," ""2"""," ""J2000"""," ""1237648704589136004"""," ""340119106965497856""", NaN, NaN," ""SDSS J1403+0006"""
SDSS J1416+5136," ""2008-08-01"""," """""," ""GAL-GAL"""," ""SLACS"""," ""ApJ682(2008)964"""," ""14"""," ""16"""," ""22.35""",214.09311," ""+51"""," ""36"""," ""30.46""",51.60846," ""A""",5,1.368,0.002,1,0.29868,7e-05,1,0.811,0.001,1,230,22," ""I"""," """"", NaN," ""17.55"""," """""," """""," ""1"""," ""ra=214.09311&amp;amp;dec=+51.60846"""," ""1"""," ""&amp;amp;object=214.09311%2B51.60846"""," """""," ""1"""," ""1"""," ""0"""," ""2013-04-24 11:17:56"""," ""2013-04-24 11:17:56"""," ""0000-00-00 00:00:00"""," ""2"""," ""J2000"""," ""1237659132744696068"""," ""1176692991717304320""", NaN, NaN," ""SDSS J1416+5136"""
SDSS J1420+6019," ""2006-02-01"""," """""," ""GAL-GAL"""," ""SLACS"""," ""ApJ638(2006)703"""," ""14"""," ""20"""," ""15.85""",215.06604," ""+60"""," ""19"""," ""14.81""",60.32078," ""A""",4,1.0424,0.0004,1,0.06291,1e-05,1,0.535,0.001,1,199,4," ""I"""," """"", NaN," ""15.05"""," """""," """""," ""1"""," ""ra=215.06604&amp;amp;dec=+60.32078"""," ""1"""," ""&amp;amp;object=215.06604%2B60.32078"""," """""," ""1"""," ""1"""," ""0"""," ""2013-04-23 22:07:04"""," ""2013-04-23 22:07:04"""," ""0000-00-00 00:00:00"""," ""2"""," ""J2000"""," ""1237655371441832114"""," ""887375466950846464""",0,0," ""SDSS J1420+6019"""
SDSS J1430+4105," ""2008-08-01"""," """""," ""GAL-GAL"""," ""SLACS"""," ""ApJ682(2008)964"""," ""14"""," ""30"""," ""4.10""",217.51704," ""+41"""," ""05"""," ""57.10""",41.0992," ""A""",8,1.5194,0.0006,1,0.28492,8e-05,1,0.575,0.001,1,294,30," ""I"""," """"", NaN," ""16.85"""," """""," """""," ""1"""," ""ra=217.51704&amp;amp;dec=+41.0992"""," ""1"""," ""&amp;amp;object=217.51704%2B41.0992"""," ""ap080728"""," ""1"""," ""1"""," ""0"""," ""2013-04-24 11:51:47"""," ""2013-04-24 11:51:47"""," ""0000-00-00 00:00:00"""," ""2"""," ""J2000"""," ""1237661874024677506"""," ""1518950621686818816""", NaN, NaN," ""SDSS J1430+4105"""
SDSS J1432+6317," ""2008-08-00"""," ""Grand Design Lens"""," ""GAL-GAL"""," ""SLACS"""," ""ApJ682(2008)964"""," ""14"""," ""32"""," ""13.34""",218.0556," ""+63"""," ""17"""," ""3.77""",63.28438," ""A""",2,1.26,0.01,1,0.123,2e-05,1,0.664,0.001,1,193,8," ""I"""," """"", NaN," ""15.13"""," """""," """""," ""0"""," ""ra=218.05560&amp;amp;dec=+63.28438"""," ""0"""," ""&amp;amp;object=218.05560%2B63.28438"""," """""," ""1"""," ""1"""," ""0"""," ""2014-03-12 14:12:39"""," ""2014-03-12 14:12:39"""," ""0000-00-00 00:00:00"""," ""2"""," ""J2000"""," ""1237674478123417869"""," ""3318096645626816512""", NaN, NaN," ""SDSS J1432+6317"""
SDSS J1436+3640," ""2009-11-00"""," """""," ""GAL-GAL"""," ""SLACS"""," ""ApJ705(2009)1099"""," ""14"""," ""36"""," ""5.63""",219.02345," ""+36"""," ""40"""," ""47.17""",36.67977," ""A""",0, NaN, NaN,0,0.18462,4e-05,1,0.758,0.001,1,255,17," ""V"""," """"", NaN," ""16.95"""," """""," """""," ""1"""," ""ra=219.02345&amp;amp;dec=+36.67977"""," ""1"""," ""&amp;amp;object=219.02345%2B36.67977"""," """""," ""1"""," ""1"""," ""0"""," ""2014-03-12 14:12:59"""," ""2014-03-12 14:12:59"""," ""0000-00-00 00:00:00"""," ""2"""," ""J2000"""," ""1237662194001313964"""," ""1556056120802437120""", NaN, NaN," ""SDSS J1436+3640"""
SDSS J1436-0000," ""2008-08-00"""," """""," ""GAL-GAL"""," ""SLACS"""," ""ApJ682(2008)964"""," ""14"""," ""36"""," ""27.54""",219.11476," ""-00"""," ""00"""," ""29.2""",-0.00811," ""A""",2,1.12,0.01,1,0.28521,5e-05,1,0.805,0.001,1,218,17," ""I"""," """"", NaN," ""17.16"""," """""," """""," ""1"""," ""ra=219.11476&amp;amp;dec=-0.00811"""," ""1"""," ""&amp;amp;object=219.11476%2D0.00811"""," """""," ""1"""," ""1"""," ""0"""," ""2014-03-12 14:13:06"""," ""2014-03-12 14:13:06"""," ""0000-00-00 00:00:00"""," ""2"""," ""J2000"""," ""1237648721247863102"""," ""344535019684915200""", NaN, NaN," ""SDSS J1436-0000"""
SDSS J1443+0304," ""2008-08-00"""," """""," ""GAL-GAL"""," ""SLACS"""," ""ApJ682(2008)964"""," ""14"""," ""43"""," ""19.62""",220.83174," ""+03"""," ""04"""," ""8.29""",3.06897," ""A""",1,0.81,0.01,1,0.13383,3e-05,1,0.419,0.001,1,222,11," ""I"""," """"", NaN," ""17"""," """""," """""," ""1"""," ""ra=220.83174&amp;amp;dec=+3.06897"""," ""1"""," ""&amp;amp;object=220.83174%2B3.06897"""," """""," ""1"""," ""1"""," ""0"""," ""2014-03-12 14:15:05"""," ""2014-03-12 14:15:05"""," ""0000-00-00 00:00:00"""," ""2"""," ""J2000"""," ""1237654879128977672"""," ""660959629278210048""", NaN, NaN," ""SDSS J1443+0304"""
SDSS J1451-0239," ""2008-08-00"""," """""," ""GAL-GAL"""," ""SLACS"""," ""ApJ682(2008)964"""," ""14"""," ""51"""," ""28.19""",222.86745," ""-02"""," ""39"""," ""36.43""",-2.66012," ""A""",2,1.04,0.01,1,0.12533,3e-05,1,0.52,0.01,1,213,13," ""I"""," """"", NaN," ""15.92"""," """""," """""," ""1"""," ""ra=222.86745&amp;amp;dec=-2.66012"""," ""1"""," ""&amp;amp;object=222.86745%2D2.66012"""," """""," ""1"""," ""1"""," ""0"""," ""2014-03-12 14:15:13"""," ""2014-03-12 14:15:13"""," ""0000-00-00 00:00:00"""," ""2"""," ""J2000"""," ""1237655691403657326"""," ""1037034393358592000""", NaN, NaN," ""SDSS J1451-0239"""
SDSS J1525+3327," ""2008-08-00"""," """""," ""GAL-GAL"""," ""SLACS"""," ""ApJ682(2008)964"""," ""15"""," ""25"""," ""6.7""",231.2779," ""+33"""," ""27"""," ""47.45""",33.46318," ""A""",3,1.31,0.01,1,0.35829,9e-05,1,0.717,0.001,1,303,29," ""I"""," """"", NaN," ""17.07"""," """""," """""," ""1"""," ""ra=231.27790&amp;amp;dec=+33.46318"""," ""1"""," ""&amp;amp;object=231.27790%2B33.46318"""," """""," ""1"""," ""1"""," ""0"""," ""2014-03-12 14:15:22"""," ""2014-03-12 14:15:22"""," ""0000-00-00 00:00:00"""," ""2"""," ""J2000"""," ""1237662307806282151"""," ""1561769458148599808""", NaN, NaN," ""SDSS J1525+3327"""
SDSS J1531-0105," ""2008-08-00"""," """""," ""GAL-GAL"""," ""SLACS"""," ""ApJ682(2008)964"""," ""15"""," ""31"""," ""50.07""",232.95863," ""-01"""," ""05"""," ""45.64""",-1.09601," ""A""",2,1.71,1,1,0.15966,3e-05,1,0.744,0.001,1,259,9," ""I"""," """"", NaN," ""15.79"""," """""," """""," ""1"""," ""ra=232.95863&amp;amp;dec=-1.09601"""," ""1"""," ""&amp;amp;object=232.95863%2D1.09601"""," """""," ""1"""," ""1"""," ""0"""," ""2014-03-12 14:15:28"""," ""2014-03-12 14:15:28"""," ""0000-00-00 00:00:00"""," ""2"""," ""J2000"""," ""1237655693018726805"""," ""408737433681684480""", NaN, NaN," ""SDSS J1531-0105"""
SDSS J1538+5817," ""2008-08-00"""," """""," ""GAL-GAL"""," ""SLACS"""," ""ApJ682(2008)964"""," ""15"""," ""38"""," ""12.92""",234.55384," ""+58"""," ""17"""," ""9.82""",58.28606," ""A""",2,1,0.01,1,0.14277,3e-05,1,0.531,0.001,1,191,12," ""I"""," """"", NaN," ""16.63"""," """""," """""," ""1"""," ""ra=234.55384&amp;amp;dec=+58.28606"""," ""1"""," ""&amp;amp;object=234.55384%2B58.28606"""," """""," ""1"""," ""1"""," ""0"""," ""2014-03-12 14:15:59"""," ""2014-03-12 14:15:59"""," ""0000-00-00 00:00:00"""," ""2"""," ""J2000"""," ""1237654949985321081"""," ""692591759561091072""", NaN, NaN," ""SDSS J1538+5817"""
SDSS J1614+4522," ""2008-08-00"""," """""," ""GAL-GAL"""," ""SLACS"""," ""ApJ682(2008)964"""," ""16"""," ""14"""," ""37.74""",243.65725," ""+45"""," ""22"""," ""53.36""",45.38149," ""A""",0,2.58,0.01,1,0.17787,3e-05,1,0.811,0.001,1,194,13," ""I"""," """"", NaN," ""16.8"""," """""," """""," ""1"""," ""ra=243.65725&amp;amp;dec=+45.38149"""," ""1"""," ""&amp;amp;object=243.65725%2B45.38149"""," """""," ""1"""," ""1"""," ""0"""," ""2014-03-12 14:16:08"""," ""2014-03-12 14:16:08"""," ""0000-00-00 00:00:00"""," ""2"""," ""J2000"""," ""1237655348893843718"""," ""916622752889202688""", NaN, NaN," ""SDSS J1614+4522"""
SDSS J1618+4353," ""2006-02-00"""," """""," ""GAL-GAL"""," ""SLACS"""," ""ApJ638(2006)703"""," ""16"""," ""18"""," ""43.1""",244.6796," ""+43"""," ""53"""," ""27.42""",43.89095," ""A""",4,1.8,0.01,1,0.19883,6e-05,1,0.666,0.001,1,296,24," ""I"""," """"", NaN," ""17.08"""," """""," """""," ""1"""," ""ra=244.67960&amp;amp;dec=+43.89095"""," ""1"""," ""&amp;amp;object=244.67960%2B43.89095"""," """""," ""1"""," ""1"""," ""0"""," ""2014-03-12 14:17:13"""," ""2014-03-12 14:17:13"""," ""0000-00-00 00:00:00"""," ""2"""," ""J2000"""," ""1237655348357693656"""," ""917701097760516096""", NaN, NaN," ""SDSS J1618+4353"""
SDSS J1621+3931," ""2008-08-00"""," """""," ""GAL-GAL"""," ""SLACS"""," ""ApJ682(2008)964"""," ""16"""," ""21"""," ""32.99""",245.38744," ""+39"""," ""31"""," ""44.69""",39.52908," ""A""",2,1.29,0.01,1,0.2448,6e-05,1,0.602,0.001,1,228,20," ""I"""," """"", NaN," ""16.79"""," """""," """""," ""1"""," ""ra=245.38744&amp;amp;dec=+39.52908"""," ""1"""," ""&amp;amp;object=245.38744%2B39.52908"""," """""," ""1"""," ""1"""," ""0"""," ""2014-03-12 14:17:38"""," ""2014-03-12 14:17:38"""," ""0000-00-00 00:00:00"""," ""2"""," ""J2000"""," ""1237661388689899825"""," ""1319642148282329088""", NaN, NaN," ""SDSS J1621+3931"""
SDSS J1627-0053," ""2006-02-00"""," """""," ""GAL-GAL"""," ""SLACS"""," ""ApJ638(2006)703"""," ""16"""," ""27"""," ""46.44""",246.94352," ""-00"""," ""53"""," ""57.55""",-0.89932," ""A""",1,1.23,0.01,1,0.20758,4e-05,1,0.524,0.001,1,286,13," ""I"""," """"", NaN," ""16.71"""," """""," """""," ""1"""," ""ra=246.94352&amp;amp;dec=-0.89932"""," ""1"""," ""&amp;amp;object=246.94352%2D0.89932"""," """""," ""1"""," ""1"""," ""0"""," ""2014-03-12 14:17:46"""," ""2014-03-12 14:17:46"""," ""0000-00-00 00:00:00"""," ""2"""," ""J2000"""," ""1237648672922862552"""," ""409850689389357056""", NaN, NaN," ""SDSS J1627-0053"""
SDSS J1630+4520," ""2006-02-00"""," ""The Big G."""," ""GAL-GAL"""," ""SLACS"""," ""ApJ638(2006)703"""," ""16"""," ""30"""," ""28.16""",247.61733," ""+45"""," ""20"""," ""36.31""",45.34342," ""A""",4,1.78,0.01,1,0.24789,4e-05,1,0.793,0.001,1,252,16," ""I"""," """"", NaN," ""16.77"""," """""," """""," ""1"""," ""ra=247.61733&amp;amp;dec=+45.34342"""," ""1"""," ""&amp;amp;object=247.61733%2B45.34342"""," """""," ""1"""," ""1"""," ""0"""," ""2014-03-12 14:17:55"""," ""2014-03-12 14:17:55"""," ""0000-00-00 00:00:00"""," ""2"""," ""J2000"""," ""1237655130375586208"""," ""704955762950039552""", NaN, NaN," ""SDSS J1630+4520"""
SDSS J1636+4707," ""2006-02-00"""," """""," ""GAL-GAL"""," ""SLACS"""," ""ApJ638(2006)703"""," ""16"""," ""36"""," ""2.61""",249.01089," ""+47"""," ""07"""," ""29.57""",47.12488," ""A""",2,1.09,0.01,1,0.2282,4e-05,1,0.675,0.001,1,223,15," ""I"""," """"", NaN," ""16.98"""," """""," """""," ""1"""," ""ra=249.01089&amp;amp;dec=+47.12488"""," ""1"""," ""&amp;amp;object=249.01089%2B47.12488"""," """""," ""1"""," ""1"""," ""0"""," ""2014-03-12 14:18:03"""," ""2014-03-12 14:18:03"""," ""0000-00-00 00:00:00"""," ""2"""," ""J2000"""," ""1237651715335127272"""," ""706066820909524992""", NaN, NaN," ""SDSS J1636+4707"""
SDSS J1644+2625," ""2009-11-00"""," """""," ""GAL-GAL"""," ""SLACS"""," ""ApJ705(2009)1099"""," ""16"""," ""44"""," ""43.08""",251.17951," ""+26"""," ""25"""," ""25.57""",26.42377," ""A""",2, NaN, NaN,0,0.13682,3e-05,1,0.61,0.01,1,225,12," ""I"""," """"", NaN," ""16.22"""," """""," """""," ""1"""," ""ra=251.17951&amp;amp;dec=+26.42377"""," ""1"""," ""&amp;amp;object=251.17951%2B26.42377"""," """""," ""1"""," ""1"""," ""0"""," ""2014-03-12 14:18:10"""," ""2014-03-12 14:18:10"""," ""0000-00-00 00:00:00"""," ""2"""," ""J2000"""," ""1237662300839936499"""," ""1602323296093759488""", NaN, NaN," ""SDSS J1644+2625"""
SDSS J1703+2451," ""2011-04-29"""," ""SDSS J170341.47+245140.0"""," ""GAL-GAL"""," ""SWELLS, SLACS"""," ""ApJ638(2006)703"""," ""17"""," ""03"""," ""41.47""",255.92278," ""+24"""," ""51"""," ""39.96""",24.8611," ""A""",2,0.93,0.05,1,0.06287,1e-05,1,0.637,0.001,1,163,8," """""," """"", NaN," """""," """""," """""," ""1"""," ""ra=255.92278&amp;amp;dec=+24.8611"""," ""1"""," ""&amp;amp;object=255.92278%2B24.8611"""," """""," ""1"""," ""1"""," ""0"""," ""2014-02-02 15:17:50"""," ""2014-02-02 15:17:50"""," ""0000-00-00 00:00:00"""," ""2"""," ""J2000"""," ""1237662303526060695"""," ""1906169490819803136""", NaN, NaN," ""SDSS J1703+2451"""
SDSS J1709+2324," ""2009-11-00"""," """""," ""GAL-GAL"""," ""SLACS"""," ""ApJ705(2009)1099"""," ""17"""," ""09"""," ""38.96""",257.41233," ""+23"""," ""24"""," ""8.46""",23.40235," ""A""",2, NaN, NaN,0,0.34689,7e-05,1,0.719,0.001,1,246,30," ""V"""," """"", NaN," ""18.51"""," """""," """""," ""1"""," ""ra=257.41233&amp;amp;dec=+23.40235"""," ""1"""," ""&amp;amp;object=257.41233%2B23.40235"""," """""," ""1"""," ""1"""," ""0"""," ""2014-03-12 14:18:18"""," ""2014-03-12 14:18:18"""," ""0000-00-00 00:00:00"""," ""2"""," ""J2000"""," ""1237662303526978316"""," ""1901756871266560000""", NaN, NaN," ""SDSS J1709+2324"""
SDSS J1718+6424," ""2006-02-00"""," """""," ""GAL-GAL"""," ""SLACS"""," ""ApJ638(2006)703"""," ""17"""," ""18"""," ""37.39""",259.6558," ""+64"""," ""24"""," ""52.27""",64.41452," ""A""",2, NaN, NaN,0,0.08987,5e-05,1,0.737,0.001,1,297,16," ""I"""," """"", NaN," ""15.39"""," """""," """""," ""1"""," ""ra=259.65580&amp;amp;dec=+64.41452"""," ""1"""," ""&amp;amp;object=259.65580%2B64.41452"""," """""," ""1"""," ""1"""," ""0"""," ""2014-03-12 14:18:31"""," ""2014-03-12 14:18:31"""," ""0000-00-00 00:00:00"""," ""2"""," ""J2000"""," ""1237671768542871828"""," ""396475125303633920""", NaN, NaN," ""SDSS J1718+6424"""
SDSS J1719+2939," ""2009-11-00"""," """""," ""GAL-GAL"""," ""SLACS"""," ""ApJ705(2009)1099"""," ""17"""," ""19"""," ""34.16""",259.89234," ""+29"""," ""39"""," ""26.35""",29.65732," ""A""",2, NaN, NaN,0,0.18073,5e-05,1,0.578,0.001,1,284,15," ""I"""," """"", NaN," ""16.87"""," """""," """""," ""1"""," ""ra=259.89234&amp;amp;dec=+29.65732"""," ""1"""," ""&amp;amp;object=259.89234%2B29.65732"""," """""," ""1"""," ""1"""," ""0"""," ""2014-03-12 14:18:39"""," ""2014-03-12 14:18:39"""," ""0000-00-00 00:00:00"""," ""2"""," ""J2000"""," ""1237655503500607723"""," ""1103494649433057280""", NaN, NaN," ""SDSS J1719+2939"""
SDSS J2141-0001," ""2011-11-01"""," """""," ""GAL-GAL"""," ""SLACS, SWELLS"""," ""ApJ682(2008)964"""," ""21"""," ""41"""," ""54.68""",325.47783," ""-00"""," ""01"""," ""12.32""",-0.02009," ""A""",2,0.88,0.09,1,0.138,4e-05,1,0.713,0.001,1,184,13," ""I"""," """"", NaN," ""16.72"""," """""," """""," ""1"""," ""ra=325.47783&amp;amp;dec=-0.02009"""," ""1"""," ""&amp;amp;object=325.47783%2D0.02009"""," """""," ""1"""," ""1"""," ""0"""," ""2014-02-02 15:25:09"""," ""2014-01-30 14:59:07"""," ""0000-00-00 00:00:00"""," ""2"""," ""J2000"""," ""1237663543144022280"""," ""1113524670000293888""",0,0," ""SDSS J2141-0001"""
SDSS J2238-0754," ""2009-11-01"""," """""," ""GAL-GAL"""," ""SLACS"""," ""ApJ705(2009)1099"""," ""22"""," ""38"""," ""40""",339.66667," ""-07"""," ""54"""," ""56.000""",-7.91556," ""A""",3,1.82,0.01,1,0.137,0.001,1,0.713,0.001,1,198,11," ""I"""," """"", NaN," ""16.12"""," """""," """""," ""1"""," ""ra=339.66667&amp;amp;dec=-7.91556"""," ""1"""," ""&amp;amp;object=339.66667%2D7.91556"""," """""," ""1"""," ""1"""," ""0"""," ""2014-03-12 14:18:47"""," ""2014-03-12 14:18:47"""," ""0000-00-00 00:00:00"""," ""2"""," ""J2000"""," ""1237680240904765544"""," """"", NaN, NaN," ""SDSS J2238-0754"""
SDSS J2300+0022," ""2006-02-00"""," """""," ""GAL-GAL"""," ""SLACS"""," ""ApJ638(2006)703"""," ""23"""," ""00"""," ""53.14""",345.22143," ""+00"""," ""22"""," ""38.06""",0.37724," ""A""",3,1.24,0.01,1,0.22847,5e-05,1,0.463,0.001,1,267,18," ""I"""," """"", NaN," ""16.96"""," """""," """""," ""1"""," ""ra=345.22143&amp;amp;dec=+0.37724"""," ""1"""," ""&amp;amp;object=345.22143%2B0.37724"""," """""," ""1"""," ""1"""," ""0"""," ""2014-03-12 14:18:54"""," ""2014-03-12 14:18:54"""," ""0000-00-00 00:00:00"""," ""2"""," ""J2000"""," ""1237656907959238996"""," ""762377217165518848""", NaN, NaN," ""SDSS J2300+0022"""
SDSS J2302-0840," ""2008-08-00"""," """""," ""GAL-GAL"""," ""SLACS"""," ""ApJ682(2008)964"""," ""23"""," ""02"""," ""20.18""",345.58409," ""-08"""," ""40"""," ""49.44""",-8.6804," ""A""",2, NaN, NaN,0,0.09012,2e-05,1,0.222,0.001,1,239,8," ""I"""," """"", NaN," ""15.45"""," """""," """""," ""1"""," ""ra=345.58409&amp;amp;dec=-8.6804"""," ""1"""," ""&amp;amp;object=345.58409%2D8.6804"""," """""," ""1"""," ""1"""," ""0"""," ""2014-03-12 14:19:00"""," ""2014-03-12 14:19:00"""," ""0000-00-00 00:00:00"""," ""2"""," ""J2000"""," ""1237652600649482269"""," ""816404738814797824""", NaN, NaN," ""SDSS J2302-0840"""
SDSS J2303+1422," ""2006-02-00"""," """""," ""GAL-GAL"""," ""SLACS"""," ""ApJ638(2006)703"""," ""23"""," ""03"""," ""21.72""",345.84052," ""+14"""," ""22"""," ""17.94""",14.37165," ""A""",3,1.62,0.01,1,0.15529,5e-05,1,0.517,0.001,1,249,15," ""I"""," """"", NaN," ""15.72"""," """""," """""," ""1"""," ""ra=345.84052&amp;amp;dec=+14.37165"""," ""1"""," ""&amp;amp;object=345.84052%2B14.37165"""," """""," ""1"""," ""1"""," ""0"""," ""2014-03-12 14:19:07"""," ""2014-03-12 14:19:07"""," ""0000-00-00 00:00:00"""," ""2"""," ""J2000"""," ""1237656495644541104"""," ""836627231617869824""", NaN, NaN," ""SDSS J2303+1422"""
SDSS J2321-0939," ""2006-02-00"""," """""," ""GAL-GAL"""," ""SLACS"""," ""ApJ638(2006)703"""," ""23"""," ""21"""," ""20.94""",350.33723," ""-09"""," ""39"""," ""10.26""",-9.65285," ""A""",2,1.6,0.01,1,0.08185,2e-05,1,0.532,0.001,1,239,8," ""I"""," """"", NaN," ""14.61"""," """""," """""," ""1"""," ""ra=350.33723&amp;amp;dec=-9.65285"""," ""1"""," ""&amp;amp;object=350.33723%2D9.65285"""," """""," ""1"""," ""1"""," ""0"""," ""2014-03-12 14:19:13"""," ""2014-03-12 14:19:13"""," ""0000-00-00 00:00:00"""," ""2"""," ""J2000"""," ""1237652900743938211"""," ""726347588751616000""", NaN, NaN," ""SDSS J2321-0939"""
SDSS J2341+0000," ""2008-08-00"""," """""," ""GAL-GAL"""," ""SLACS"""," ""ApJ682(2008)964"""," ""23"""," ""41"""," ""11.57""",355.29822," ""+00"""," ""00"""," ""18.65""",0.00518," ""A""",4,1.44,0.01,1,0.18595,3e-05,1,0.807,0.001,1,224,14," ""I"""," """"", NaN," ""16.3"""," """""," """""," ""1"""," ""ra=355.29822&amp;amp;dec=+0.00518"""," ""1"""," ""&amp;amp;object=355.29822%2B0.00518"""," """""," ""1"""," ""1"""," ""0"""," ""2014-03-12 14:19:19"""," ""2014-03-12 14:19:19"""," ""0000-00-00 00:00:00"""," ""2"""," ""J2000"""," ""1237663784195326209"""," ""768027056305891328""", NaN, NaN," ""SDSS J2341+0000"""
SDSS J2343-0030," ""2009-11-00"""," """""," ""GAL-GAL"""," ""SLACS"""," ""ApJ705(2009)1099"""," ""23"""," ""43"""," ""58.87""",355.99529," ""-00"""," ""30"""," ""22.39""",-0.50622," ""A""",4, NaN, NaN,0,0.18073,3e-05,1,0.463,0.001,1,256,11," ""V"""," """"", NaN," ""17.17"""," """""," """""," ""1"""," ""ra=355.99529&amp;amp;dec=-0.50622"""," ""1"""," ""&amp;amp;object=355.99529%2D0.50622"""," """""," ""1"""," ""1"""," ""0"""," ""2014-03-12 14:19:26"""," ""2014-03-12 14:19:26"""," ""0000-00-00 00:00:00"""," ""2"""," ""J2000"""," ""1237666407366918313"""," ""433492386346199040""", NaN, NaN," ""SDSS J2343-0030"""
